Report_Name,Journal Requests (Excluding OA_Gold),,,,,,,,,,,,,,,,,,,,,,,,,,,,,,,,,
Report_ID,TR_J1,,,,,,,,,,,,,,,,,,,,,,,,,,,,,,,,,
Release,5,,,,,,,,,,,,,,,,,,,,,,,,,,,,,,,,,
Institution_Name,Wesleyan University,,,,,,,,,,,,,,,,,,,,,,,,,,,,,,,,,
Institution_ID,rsc:3348,,,,,,,,,,,,,,,,,,,,,,,,,,,,,,,,,
Metric_Types,Total_Item_Requests; Unique_Item_Requests,,,,,,,,,,,,,,,,,,,,,,,,,,,,,,,,,
Report_Filters,Data_Type=Journal; Access_Type=Controlled; Access_Method=Regular,,,,,,,,,,,,,,,,,,,,,,,,,,,,,,,,,
Report_Attributes,,,,,,,,,,,,,,,,,,,,,,,,,,,,,,,,,,
Exceptions,,,,,,,,,,,,,,,,,,,,,,,,,,,,,,,,,,
Reporting_Period,Begin_Date=2020-07-01; End_Date=2022-06-30,,,,,,,,,,,,,,,,,,,,,,,,,,,,,,,,,
Created,2022-11-18T21:28:16Z,,,,,,,,,,,,,,,,,,,,,,,,,,,,,,,,,
Created_By,MPS for RSC,,,,,,,,,,,,,,,,,,,,,,,,,,,,,,,,,
,,,,,,,,,,,,,,,,,,,,,,,,,,,,,,,,,,
Title,Publisher,Publisher_ID,Platform,DOI,Proprietary_ID,Print_ISSN,Online_ISSN,URI,Metric_Type,Reporting_Period_Total,Jul-20,Aug-20,Sep-20,Oct-20,Nov-20,Dec-20,Jan-21,Feb-21,Mar-21,Apr-21,May-21,Jun-21,Jul-21,Aug-21,Sep-21,Oct-21,Nov-21,Dec-21,Jan-22,Feb-22,Mar-22,Apr-22,May-22,Jun-22
Analytical Methods,Royal Society of Chemistry,,pubs.rsc.org,10.1039/17599679/2009,rsc:AY,1759-9660,1759-9679,https://www.rsc.org/Publishing/Journals/AY/Index.asp,Total_Item_Requests,3,0,0,0,0,0,0,0,0,1,2,0,0,0,0,0,0,0,0,0,0,0,0,0,0
Analytical Methods,Royal Society of Chemistry,,pubs.rsc.org,10.1039/17599679/2009,rsc:AY,1759-9660,1759-9679,https://www.rsc.org/Publishing/Journals/AY/Index.asp,Unique_Item_Requests,2,0,0,0,0,0,0,0,0,1,1,0,0,0,0,0,0,0,0,0,0,0,0,0,0
Annual Reports Section B (Organic Chemistry),Royal Society of Chemistry,,pubs.rsc.org,10.1039/14604779/1967,rsc:OC,0069-3030,1460-4779,https://www.rsc.org/Publishing/Journals/OC/Index.asp,Total_Item_Requests,3,0,0,0,0,0,0,0,0,0,1,0,0,0,0,0,0,0,0,0,2,0,0,0,0
Annual Reports Section B (Organic Chemistry),Royal Society of Chemistry,,pubs.rsc.org,10.1039/14604779/1967,rsc:OC,0069-3030,1460-4779,https://www.rsc.org/Publishing/Journals/OC/Index.asp,Unique_Item_Requests,3,0,0,0,0,0,0,0,0,0,1,0,0,0,0,0,0,0,0,0,2,0,0,0,0
Annual Reports Section C (Physical Chemistry),Royal Society of Chemistry,,pubs.rsc.org,10.1039/14604787/1979,rsc:PC,0260-1826,1460-4787,https://www.rsc.org/Publishing/Journals/PC/Index.asp,Total_Item_Requests,2,0,0,0,0,0,0,0,0,0,2,0,0,0,0,0,0,0,0,0,0,0,0,0,0
Annual Reports Section C (Physical Chemistry),Royal Society of Chemistry,,pubs.rsc.org,10.1039/14604787/1979,rsc:PC,0260-1826,1460-4787,https://www.rsc.org/Publishing/Journals/PC/Index.asp,Unique_Item_Requests,1,0,0,0,0,0,0,0,0,0,1,0,0,0,0,0,0,0,0,0,0,0,0,0,0
Biomaterials Science,Royal Society of Chemistry,,pubs.rsc.org,10.1039/20474849/2013,rsc:BM,2047-4830,2047-4849,https://www.rsc.org/Publishing/Journals/BM/Index.asp,Total_Item_Requests,1,0,0,0,0,0,0,0,0,0,0,0,0,0,0,0,1,0,0,0,0,0,0,0,0
Biomaterials Science,Royal Society of Chemistry,,pubs.rsc.org,10.1039/20474849/2013,rsc:BM,2047-4830,2047-4849,https://www.rsc.org/Publishing/Journals/BM/Index.asp,Unique_Item_Requests,1,0,0,0,0,0,0,0,0,0,0,0,0,0,0,0,1,0,0,0,0,0,0,0,0
Catalysis Science & Technology,Royal Society of Chemistry,,pubs.rsc.org,10.1039/20444761/2011,rsc:CY,2044-4753,2044-4761,https://www.rsc.org/Publishing/Journals/CY/Index.asp,Total_Item_Requests,13,0,0,0,0,3,0,0,0,0,0,0,0,0,0,0,0,0,0,0,6,0,1,3,0
Catalysis Science & Technology,Royal Society of Chemistry,,pubs.rsc.org,10.1039/20444761/2011,rsc:CY,2044-4753,2044-4761,https://www.rsc.org/Publishing/Journals/CY/Index.asp,Unique_Item_Requests,8,0,0,0,0,1,0,0,0,0,0,0,0,0,0,0,0,0,0,0,3,0,1,3,0
Chemical Communications,Royal Society of Chemistry,,pubs.rsc.org,10.1039/1364548X/1996,rsc:CC,1359-7345,1364-548X,https://www.rsc.org/Publishing/Journals/CC/Index.asp,Total_Item_Requests,408,12,5,18,22,34,27,5,11,7,24,11,20,9,3,9,16,20,20,20,38,22,36,7,12
Chemical Communications,Royal Society of Chemistry,,pubs.rsc.org,10.1039/1364548X/1996,rsc:CC,1359-7345,1364-548X,https://www.rsc.org/Publishing/Journals/CC/Index.asp,Unique_Item_Requests,265,6,4,10,15,24,23,3,8,4,13,7,10,8,2,6,12,9,16,10,23,17,24,4,7
Chemical Science,Royal Society of Chemistry,,pubs.rsc.org,10.1039/20416539/2010,rsc:SC,2041-6520,2041-6539,https://www.rsc.org/publishing/journals/sc/Index.asp,Total_Item_Requests,27,0,0,0,0,1,3,2,0,1,3,2,0,2,0,1,0,3,2,1,1,0,1,2,2
Chemical Science,Royal Society of Chemistry,,pubs.rsc.org,10.1039/20416539/2010,rsc:SC,2041-6520,2041-6539,https://www.rsc.org/publishing/journals/sc/Index.asp,Unique_Item_Requests,20,0,0,0,0,1,2,1,0,1,2,2,0,1,0,1,0,2,1,1,1,0,1,2,1
Chemical Society Reviews,Royal Society of Chemistry,,pubs.rsc.org,10.1039/14604744/1972,rsc:CS,0306-0012,1460-4744,https://www.rsc.org/Publishing/Journals/CS/Index.asp,Total_Item_Requests,382,10,0,15,19,30,14,5,5,18,22,13,6,15,7,4,10,38,25,6,11,5,15,88,1
Chemical Society Reviews,Royal Society of Chemistry,,pubs.rsc.org,10.1039/14604744/1972,rsc:CS,0306-0012,1460-4744,https://www.rsc.org/Publishing/Journals/CS/Index.asp,Unique_Item_Requests,257,8,0,12,14,22,10,5,4,14,14,11,4,9,4,4,8,20,15,3,7,4,9,55,1
Chemistry Education Research and Practice,Royal Society of Chemistry,,pubs.rsc.org,10.1039/17561108/2005,rsc:RP,1109-4028,1756-1108,https://www.rsc.org/Publishing/Journals/rp/index.asp,Total_Item_Requests,27,6,1,2,1,0,0,2,0,0,2,0,9,0,0,0,0,3,0,0,0,1,0,0,0
Chemistry Education Research and Practice,Royal Society of Chemistry,,pubs.rsc.org,10.1039/17561108/2005,rsc:RP,1109-4028,1756-1108,https://www.rsc.org/Publishing/Journals/rp/index.asp,Unique_Item_Requests,16,4,1,1,1,0,0,1,0,0,2,0,4,0,0,0,0,1,0,0,0,1,0,0,0
CrystEngComm,Royal Society of Chemistry,,pubs.rsc.org,10.1039/14668033/1999,rsc:CE,,1466-8033,https://www.rsc.org/Publishing/Journals/CE/Index.asp,Total_Item_Requests,11,0,0,0,0,0,0,0,0,0,0,0,0,0,0,1,0,1,0,0,7,0,2,0,0
CrystEngComm,Royal Society of Chemistry,,pubs.rsc.org,10.1039/14668033/1999,rsc:CE,,1466-8033,https://www.rsc.org/Publishing/Journals/CE/Index.asp,Unique_Item_Requests,10,0,0,0,0,0,0,0,0,0,0,0,0,0,0,1,0,1,0,0,6,0,2,0,0
Dalton Transactions,Royal Society of Chemistry,,pubs.rsc.org,10.1039/14779234/2003,rsc:DT,1477-9226,1477-9234,https://www.rsc.org/Publishing/Journals/dt/index.asp,Total_Item_Requests,290,20,13,14,20,12,6,10,17,43,15,11,8,5,0,4,4,9,19,15,3,13,18,1,10
Dalton Transactions,Royal Society of Chemistry,,pubs.rsc.org,10.1039/14779234/2003,rsc:DT,1477-9226,1477-9234,https://www.rsc.org/Publishing/Journals/dt/index.asp,Unique_Item_Requests,207,12,8,11,13,9,6,9,15,20,12,10,6,5,0,3,4,6,15,8,3,11,12,1,8
Energy & Environmental Science,Royal Society of Chemistry,,pubs.rsc.org,10.1039/17545706/2008,rsc:EE,1754-5692,1754-5706,https://www.rsc.org/Publishing/Journals/EE/Index.asp,Total_Item_Requests,29,0,0,2,0,0,2,2,2,5,3,3,2,0,0,1,0,0,0,0,2,0,4,0,1
Energy & Environmental Science,Royal Society of Chemistry,,pubs.rsc.org,10.1039/17545706/2008,rsc:EE,1754-5692,1754-5706,https://www.rsc.org/Publishing/Journals/EE/Index.asp,Unique_Item_Requests,26,0,0,2,0,0,2,2,2,5,1,2,2,0,0,1,0,0,0,0,2,0,4,0,1
Environmental Science: Nano,Royal Society of Chemistry,,pubs.rsc.org,10.1039/20518161/2014,rsc:EN,2051-8153,2051-8161,https://www.rsc.org/Publishing/Journals/EN/Index.asp,Total_Item_Requests,4,1,0,0,2,0,0,0,0,0,0,0,0,0,0,0,0,0,0,1,0,0,0,0,0
Environmental Science: Nano,Royal Society of Chemistry,,pubs.rsc.org,10.1039/20518161/2014,rsc:EN,2051-8153,2051-8161,https://www.rsc.org/Publishing/Journals/EN/Index.asp,Unique_Item_Requests,3,1,0,0,1,0,0,0,0,0,0,0,0,0,0,0,0,0,0,1,0,0,0,0,0
Environmental Science: Processes & Impacts,Royal Society of Chemistry,,pubs.rsc.org,10.1039/20507895/2013,rsc:EM,2050-7887,2050-7895,https://www.rsc.org/Publishing/Journals/EM/Index.asp,Total_Item_Requests,7,0,0,0,0,0,0,1,0,0,3,0,0,0,0,0,0,3,0,0,0,0,0,0,0
Environmental Science: Processes & Impacts,Royal Society of Chemistry,,pubs.rsc.org,10.1039/20507895/2013,rsc:EM,2050-7887,2050-7895,https://www.rsc.org/Publishing/Journals/EM/Index.asp,Unique_Item_Requests,5,0,0,0,0,0,0,1,0,0,3,0,0,0,0,0,0,1,0,0,0,0,0,0,0
Faraday Discussions,Royal Society of Chemistry,,pubs.rsc.org,10.1039/13645498/1991,rsc:FD,1359-6640,1364-5498,https://www.rsc.org/Publishing/Journals/FD/Index.asp,Total_Item_Requests,56,2,2,0,1,2,2,5,1,2,0,0,5,1,2,3,1,12,4,0,6,3,2,0,0
Faraday Discussions,Royal Society of Chemistry,,pubs.rsc.org,10.1039/13645498/1991,rsc:FD,1359-6640,1364-5498,https://www.rsc.org/Publishing/Journals/FD/Index.asp,Unique_Item_Requests,41,1,1,0,1,2,2,2,1,2,0,0,4,1,1,3,1,8,3,0,5,2,1,0,0
Food & Function,Royal Society of Chemistry,,pubs.rsc.org,10.1039/2042650X/2010,rsc:FO,2042-6496,2042-650X,https://www.rsc.org/Publishing/Journals/FO/Index.asp,Total_Item_Requests,2,0,0,0,2,0,0,0,0,0,0,0,0,0,0,0,0,0,0,0,0,0,0,0,0
Food & Function,Royal Society of Chemistry,,pubs.rsc.org,10.1039/2042650X/2010,rsc:FO,2042-6496,2042-650X,https://www.rsc.org/Publishing/Journals/FO/Index.asp,Unique_Item_Requests,1,0,0,0,1,0,0,0,0,0,0,0,0,0,0,0,0,0,0,0,0,0,0,0,0
Green Chemistry,Royal Society of Chemistry,,pubs.rsc.org,10.1039/14639270/1999,rsc:GC,1463-9262,1463-9270,https://www.rsc.org/Publishing/Journals/GC/Index.asp,Total_Item_Requests,91,4,2,1,10,5,2,3,2,4,4,5,0,8,1,1,6,6,5,2,8,2,6,2,2
Green Chemistry,Royal Society of Chemistry,,pubs.rsc.org,10.1039/14639270/1999,rsc:GC,1463-9262,1463-9270,https://www.rsc.org/Publishing/Journals/GC/Index.asp,Unique_Item_Requests,64,3,2,1,6,4,1,1,2,4,3,3,0,7,1,1,5,3,3,1,4,1,5,1,2
Journal of Analytical Atomic Spectrometry,Royal Society of Chemistry,,pubs.rsc.org,10.1039/13645544/1986,rsc:JA,0267-9477,1364-5544,https://www.rsc.org/Publishing/Journals/JA/Index.asp,Total_Item_Requests,18,0,1,0,1,0,0,2,0,0,0,0,0,0,0,0,0,0,0,4,1,6,3,0,0
Journal of Analytical Atomic Spectrometry,Royal Society of Chemistry,,pubs.rsc.org,10.1039/13645544/1986,rsc:JA,0267-9477,1364-5544,https://www.rsc.org/Publishing/Journals/JA/Index.asp,Unique_Item_Requests,10,0,1,0,1,0,0,1,0,0,0,0,0,0,0,0,0,0,0,1,1,3,2,0,0
Journal of Chemical Research,Royal Society of Chemistry,,pubs.rsc.org,10.1039/13645560/1977,rsc:JC,0308-2342,1364-5560,https://www.rsc.org/publishing/journals/jc/index.asp,Total_Item_Requests,1,0,0,0,0,0,0,0,0,0,0,0,0,0,0,0,0,1,0,0,0,0,0,0,0
Journal of Chemical Research,Royal Society of Chemistry,,pubs.rsc.org,10.1039/13645560/1977,rsc:JC,0308-2342,1364-5560,https://www.rsc.org/publishing/journals/jc/index.asp,Unique_Item_Requests,1,0,0,0,0,0,0,0,0,0,0,0,0,0,0,0,0,1,0,0,0,0,0,0,0
Journal of Materials Chemistry,Royal Society of Chemistry,,pubs.rsc.org,10.1039/13645501/1991,rsc:JM,0959-9428,1364-5501,https://www.rsc.org/Publishing/Journals/JM/Index.asp,Total_Item_Requests,75,1,1,0,4,3,3,2,1,2,3,0,5,21,0,0,4,0,8,3,1,6,2,0,5
Journal of Materials Chemistry,Royal Society of Chemistry,,pubs.rsc.org,10.1039/13645501/1991,rsc:JM,0959-9428,1364-5501,https://www.rsc.org/Publishing/Journals/JM/Index.asp,Unique_Item_Requests,45,1,1,0,2,3,2,1,1,2,2,0,3,10,0,0,2,0,4,2,1,4,1,0,3
Journal of Materials Chemistry A,Royal Society of Chemistry,,pubs.rsc.org,10.1039/20507496/2013,rsc:TA,2050-7488,2050-7496,https://pubs.rsc.org/doi/10.1039/20507496/2013,Total_Item_Requests,161,4,1,4,10,14,6,0,1,5,6,6,8,7,6,8,9,11,9,17,5,6,6,8,4
Journal of Materials Chemistry A,Royal Society of Chemistry,,pubs.rsc.org,10.1039/20507496/2013,rsc:TA,2050-7488,2050-7496,https://pubs.rsc.org/doi/10.1039/20507496/2013,Unique_Item_Requests,105,2,1,3,5,10,3,0,1,5,4,4,6,5,4,4,5,8,7,8,5,3,5,4,3
Journal of Materials Chemistry B,Royal Society of Chemistry,,pubs.rsc.org,10.1039/20507518/2013,rsc:TB,2050-750X,2050-7518,https://pubs.rsc.org/doi/10.1039/20507518/2013,Total_Item_Requests,50,2,0,0,15,15,8,0,0,0,0,0,1,0,0,0,3,2,1,2,0,0,1,0,0
Journal of Materials Chemistry B,Royal Society of Chemistry,,pubs.rsc.org,10.1039/20507518/2013,rsc:TB,2050-750X,2050-7518,https://pubs.rsc.org/doi/10.1039/20507518/2013,Unique_Item_Requests,36,1,0,0,10,11,7,0,0,0,0,0,1,0,0,0,2,1,1,1,0,0,1,0,0
Journal of Materials Chemistry C,Royal Society of Chemistry,,pubs.rsc.org,10.1039/20507534/2013,rsc:TC,2050-7526,2050-7534,https://pubs.rsc.org/doi/10.1039/20507534/2013,Total_Item_Requests,77,0,2,0,1,6,3,0,5,3,3,5,6,16,3,0,7,1,4,5,2,0,1,2,2
Journal of Materials Chemistry C,Royal Society of Chemistry,,pubs.rsc.org,10.1039/20507534/2013,rsc:TC,2050-7526,2050-7534,https://pubs.rsc.org/doi/10.1039/20507534/2013,Unique_Item_Requests,55,0,2,0,1,5,3,0,3,2,2,4,5,9,2,0,3,1,4,3,1,0,1,2,2
Lab on a Chip,Royal Society of Chemistry,,pubs.rsc.org,10.1039/14730189/2001,rsc:LC,1473-0197,1473-0189,https://www.rsc.org/Publishing/Journals/LC/Index.asp,Total_Item_Requests,18,0,0,0,0,1,0,0,0,0,2,0,0,0,0,0,0,3,1,0,4,5,1,0,1
Lab on a Chip,Royal Society of Chemistry,,pubs.rsc.org,10.1039/14730189/2001,rsc:LC,1473-0197,1473-0189,https://www.rsc.org/Publishing/Journals/LC/Index.asp,Unique_Item_Requests,16,0,0,0,0,1,0,0,0,0,2,0,0,0,0,0,0,3,1,0,4,3,1,0,1
Materials Chemistry Frontiers,Royal Society of Chemistry,,pubs.rsc.org,10.1039/20521537/2017,rsc:QM,,2052-1537,https://www.rsc.org/Publishing/Journals/QM/Index.asp,Total_Item_Requests,17,0,0,0,1,1,1,0,0,0,3,0,0,0,0,0,2,0,0,0,1,2,3,1,2
Materials Chemistry Frontiers,Royal Society of Chemistry,,pubs.rsc.org,10.1039/20521537/2017,rsc:QM,,2052-1537,https://www.rsc.org/Publishing/Journals/QM/Index.asp,Unique_Item_Requests,11,0,0,0,1,1,1,0,0,0,1,0,0,0,0,0,1,0,0,0,1,1,2,1,1
Metallomics,Royal Society of Chemistry,,pubs.rsc.org,10.1039/1756591X/2009,rsc:MT,1756-5901,1756-591X,https://www.rsc.org/Publishing/Journals/MT/Index.asp,Total_Item_Requests,12,0,0,1,0,0,0,0,0,2,2,0,1,0,0,3,1,0,0,0,2,0,0,0,0
Metallomics,Royal Society of Chemistry,,pubs.rsc.org,10.1039/1756591X/2009,rsc:MT,1756-5901,1756-591X,https://www.rsc.org/Publishing/Journals/MT/Index.asp,Unique_Item_Requests,11,0,0,1,0,0,0,0,0,2,2,0,1,0,0,2,1,0,0,0,2,0,0,0,0
Molecular BioSystems,Royal Society of Chemistry,,pubs.rsc.org,10.1039/17422051/2005,rsc:MB,1742-206X,1742-2051,https://www.rsc.org/Publishing/Journals/MB/Index.asp,Total_Item_Requests,25,1,0,1,1,10,0,1,0,4,1,0,0,0,0,0,0,0,1,0,0,0,0,1,4
Molecular BioSystems,Royal Society of Chemistry,,pubs.rsc.org,10.1039/17422051/2005,rsc:MB,1742-206X,1742-2051,https://www.rsc.org/Publishing/Journals/MB/Index.asp,Unique_Item_Requests,19,1,0,1,1,6,0,1,0,3,1,0,0,0,0,0,0,0,1,0,0,0,0,1,3
Molecular Omics,Royal Society of Chemistry,,pubs.rsc.org,10.1039/25154184/2018,rsc:MO,,2515-4184,https://www.rsc.org/Publishing/Journals/MO/Index.asp,Total_Item_Requests,1,0,0,0,0,0,0,0,0,0,0,0,0,0,0,1,0,0,0,0,0,0,0,0,0
Molecular Omics,Royal Society of Chemistry,,pubs.rsc.org,10.1039/25154184/2018,rsc:MO,,2515-4184,https://www.rsc.org/Publishing/Journals/MO/Index.asp,Unique_Item_Requests,1,0,0,0,0,0,0,0,0,0,0,0,0,0,0,1,0,0,0,0,0,0,0,0,0
Molecular Systems Design & Engineering,Royal Society of Chemistry,,pubs.rsc.org,10.1039/20589689/2016,rsc:ME,,2058-9689,https://www.rsc.org/Publishing/Journals/ME/Index.asp,Total_Item_Requests,4,2,0,0,0,2,0,0,0,0,0,0,0,0,0,0,0,0,0,0,0,0,0,0,0
Molecular Systems Design & Engineering,Royal Society of Chemistry,,pubs.rsc.org,10.1039/20589689/2016,rsc:ME,,2058-9689,https://www.rsc.org/Publishing/Journals/ME/Index.asp,Unique_Item_Requests,2,1,0,0,0,1,0,0,0,0,0,0,0,0,0,0,0,0,0,0,0,0,0,0,0
Nanoscale,Royal Society of Chemistry,,pubs.rsc.org,10.1039/20403372/2009,rsc:NR,2040-3364,2040-3372,https://www.rsc.org/Publishing/Journals/NR/Index.asp,Total_Item_Requests,33,5,4,0,0,0,0,0,0,3,0,0,0,3,0,0,2,0,6,0,2,0,8,0,0
Nanoscale,Royal Society of Chemistry,,pubs.rsc.org,10.1039/20403372/2009,rsc:NR,2040-3364,2040-3372,https://www.rsc.org/Publishing/Journals/NR/Index.asp,Unique_Item_Requests,14,1,1,0,0,0,0,0,0,1,0,0,0,1,0,0,2,0,2,0,2,0,4,0,0
Nanoscale Horizons,Royal Society of Chemistry,,pubs.rsc.org,10.1039/20556764/2015,rsc:NH,2055-6756,2055-6764,https://www.rsc.org/Publishing/Journals/NH/Index.asp,Total_Item_Requests,5,0,0,0,0,0,1,0,0,0,0,1,0,0,0,0,0,1,0,2,0,0,0,0,0
Nanoscale Horizons,Royal Society of Chemistry,,pubs.rsc.org,10.1039/20556764/2015,rsc:NH,2055-6756,2055-6764,https://www.rsc.org/Publishing/Journals/NH/Index.asp,Unique_Item_Requests,4,0,0,0,0,0,1,0,0,0,0,1,0,0,0,0,0,1,0,1,0,0,0,0,0
Natural Product Reports,Royal Society of Chemistry,,pubs.rsc.org,10.1039/14604752/1984,rsc:NP,0265-0568,1460-4752,https://www.rsc.org/Publishing/Journals/NP/Index.asp,Total_Item_Requests,85,0,0,8,3,9,0,1,4,7,4,4,2,1,1,0,10,6,6,5,9,3,2,0,0
Natural Product Reports,Royal Society of Chemistry,,pubs.rsc.org,10.1039/14604752/1984,rsc:NP,0265-0568,1460-4752,https://www.rsc.org/Publishing/Journals/NP/Index.asp,Unique_Item_Requests,52,0,0,6,2,5,0,1,3,4,3,2,2,1,1,0,7,3,1,3,4,2,2,0,0
New Journal of Chemistry,Royal Society of Chemistry,,pubs.rsc.org,10.1039/13699261/1998,rsc:NJ,1144-0546,1369-9261,https://www.rsc.org/Publishing/Journals/NJ/Index.asp,Total_Item_Requests,70,1,0,2,6,12,9,2,1,1,2,4,1,1,0,1,5,5,7,4,2,0,2,0,2
New Journal of Chemistry,Royal Society of Chemistry,,pubs.rsc.org,10.1039/13699261/1998,rsc:NJ,1144-0546,1369-9261,https://www.rsc.org/Publishing/Journals/NJ/Index.asp,Unique_Item_Requests,53,1,0,2,4,8,6,2,1,1,1,3,1,1,0,1,4,4,5,2,2,0,2,0,2
Organic &  Biomolecular Chemistry,Royal Society of Chemistry,,pubs.rsc.org,10.1039/14770539/2003,rsc:OB,1477-0520,1477-0539,https://www.rsc.org/Publishing/Journals/OB/Index.asp,Total_Item_Requests,172,2,7,5,17,24,12,1,3,7,8,6,2,2,0,11,6,10,9,6,6,10,6,4,8
Organic &  Biomolecular Chemistry,Royal Society of Chemistry,,pubs.rsc.org,10.1039/14770539/2003,rsc:OB,1477-0520,1477-0539,https://www.rsc.org/Publishing/Journals/OB/Index.asp,Unique_Item_Requests,125,2,2,5,9,16,9,1,3,5,7,5,2,2,0,6,6,7,7,3,5,8,6,4,5
Organic Chemistry Frontiers,Royal Society of Chemistry,,pubs.rsc.org,10.1039/20524129/2014,rsc:QO,,2052-4129,https://www.rsc.org/Publishing/Journals/QO/Index.asp,Total_Item_Requests,20,0,0,6,3,2,0,0,0,0,0,0,0,0,0,0,4,3,2,0,0,0,0,0,0
Organic Chemistry Frontiers,Royal Society of Chemistry,,pubs.rsc.org,10.1039/20524129/2014,rsc:QO,,2052-4129,https://www.rsc.org/Publishing/Journals/QO/Index.asp,Unique_Item_Requests,10,0,0,3,2,1,0,0,0,0,0,0,0,0,0,0,1,2,1,0,0,0,0,0,0
Photochemical & Photobiological Sciences,Royal Society of Chemistry,,pubs.rsc.org,10.1039/14749092/2002,rsc:PP,1474-905X,1474-9092,https://www.rsc.org/Publishing/Journals/PP/Index.asp,Total_Item_Requests,9,0,0,1,1,2,0,0,0,1,2,0,0,0,0,1,0,0,0,0,1,0,0,0,0
Photochemical & Photobiological Sciences,Royal Society of Chemistry,,pubs.rsc.org,10.1039/14749092/2002,rsc:PP,1474-905X,1474-9092,https://www.rsc.org/Publishing/Journals/PP/Index.asp,Unique_Item_Requests,8,0,0,1,1,1,0,0,0,1,2,0,0,0,0,1,0,0,0,0,1,0,0,0,0
Physical Chemistry Chemical Physics,Royal Society of Chemistry,,pubs.rsc.org,10.1039/14639084/1999,rsc:CP,1463-9076,1463-9084,https://www.rsc.org/Publishing/Journals/CP/Index.asp,Total_Item_Requests,448,7,2,17,30,18,15,11,7,11,48,18,21,27,14,32,24,19,17,16,16,29,35,8,6
Physical Chemistry Chemical Physics,Royal Society of Chemistry,,pubs.rsc.org,10.1039/14639084/1999,rsc:CP,1463-9076,1463-9084,https://www.rsc.org/Publishing/Journals/CP/Index.asp,Unique_Item_Requests,319,5,2,15,18,12,12,5,7,10,33,13,12,16,8,22,19,18,14,10,14,18,26,6,4
Polymer Chemistry,Royal Society of Chemistry,,pubs.rsc.org,10.1039/17599962/2010,rsc:PY,1759-9954,1759-9962,https://www.rsc.org/Publishing/Journals/PY/Index.asp,Total_Item_Requests,129,3,6,4,2,13,9,4,1,1,14,3,1,1,0,20,11,11,12,1,4,1,1,4,2
Polymer Chemistry,Royal Society of Chemistry,,pubs.rsc.org,10.1039/17599962/2010,rsc:PY,1759-9954,1759-9962,https://www.rsc.org/Publishing/Journals/PY/Index.asp,Unique_Item_Requests,89,2,5,1,2,10,7,2,1,1,5,1,1,1,0,15,9,10,7,1,2,1,1,3,1
Reaction Chemistry & Engineering,Royal Society of Chemistry,,pubs.rsc.org,10.1039/20589883/2015,rsc:RE,,2058-9883,https://www.rsc.org/Publishing/Journals/RE/Index.asp,Total_Item_Requests,4,0,0,0,1,0,1,1,0,0,0,0,0,0,0,0,0,0,0,0,0,0,1,0,0
Reaction Chemistry & Engineering,Royal Society of Chemistry,,pubs.rsc.org,10.1039/20589883/2015,rsc:RE,,2058-9883,https://www.rsc.org/Publishing/Journals/RE/Index.asp,Unique_Item_Requests,4,0,0,0,1,0,1,1,0,0,0,0,0,0,0,0,0,0,0,0,0,0,1,0,0
RSC Advances,Royal Society of Chemistry,,pubs.rsc.org,10.1039/20462069/2011,rsc:RA,,2046-2069,https://www.rsc.org/Publishing/Journals/RA/Index.asp,Total_Item_Requests,114,4,8,2,3,12,13,0,1,0,5,2,4,5,1,2,8,9,2,0,1,0,17,11,4
RSC Advances,Royal Society of Chemistry,,pubs.rsc.org,10.1039/20462069/2011,rsc:RA,,2046-2069,https://www.rsc.org/Publishing/Journals/RA/Index.asp,Unique_Item_Requests,91,3,3,2,3,10,8,0,1,0,5,2,3,5,1,2,5,7,2,0,1,0,14,11,3
RSC Medicinal Chemistry (previously MedChemComm),Royal Society of Chemistry,,pubs.rsc.org,10.1039/26328682/2020,rsc:MD,,2632-8682,https://www.rsc.org/Publishing/Journals/MD/Index.asp,Total_Item_Requests,7,0,0,0,0,6,0,0,0,0,0,0,0,0,0,0,0,0,0,0,1,0,0,0,0
RSC Medicinal Chemistry (previously MedChemComm),Royal Society of Chemistry,,pubs.rsc.org,10.1039/26328682/2020,rsc:MD,,2632-8682,https://www.rsc.org/Publishing/Journals/MD/Index.asp,Unique_Item_Requests,4,0,0,0,0,3,0,0,0,0,0,0,0,0,0,0,0,0,0,0,1,0,0,0,0
Soft Matter,Royal Society of Chemistry,,pubs.rsc.org,10.1039/17446848/2005,rsc:SM,1744-683X,1744-6848,https://www.rsc.org/Publishing/Journals/SM/Index.asp,Total_Item_Requests,146,9,9,2,14,5,0,1,10,17,9,7,9,0,2,3,8,10,1,3,1,6,4,0,16
Soft Matter,Royal Society of Chemistry,,pubs.rsc.org,10.1039/17446848/2005,rsc:SM,1744-683X,1744-6848,https://www.rsc.org/Publishing/Journals/SM/Index.asp,Unique_Item_Requests,109,4,8,2,10,4,0,1,9,14,4,3,6,0,2,2,8,9,1,2,1,4,3,0,12
The Analyst,Royal Society of Chemistry,,pubs.rsc.org,10.1039/13645528/1876,rsc:AN,0003-2654,1364-5528,https://www.rsc.org/Publishing/Journals/AN/Index.asp,Total_Item_Requests,16,0,0,0,0,0,0,2,1,1,2,0,0,0,0,0,0,0,0,0,0,7,2,1,0
The Analyst,Royal Society of Chemistry,,pubs.rsc.org,10.1039/13645528/1876,rsc:AN,0003-2654,1364-5528,https://www.rsc.org/Publishing/Journals/AN/Index.asp,Unique_Item_Requests,10,0,0,0,0,0,0,2,1,1,2,0,0,0,0,0,0,0,0,0,0,2,1,1,0
